<TICKER>;<PER>;<DATE>;<TIME>;<OPEN>;<HIGH>;<LOW>;<CLOSE>;<VOL>
CNYRUB;D;20220806;0;8.9465588;;;8.9539397;
CNYRUB;D;20220807;0;8.9487775;;;8.9487775;
CNYRUB;D;20220808;0;8.9465588;;;8.9494365;
CNYRUB;D;20220808;0;8.9502418;;;8.9522091;
CNYRUB;D;20220808;0;8.9510258;;;8.9510406;
CNYRUB;D;20220808;0;8.9520760;;;8.9500991;
CNYRUB;D;20220808;0;8.9480737;;;8.9458660;
CNYRUB;D;20220808;0;8.9457765;;;8.9481622;
CNYRUB;D;20220808;0;8.9473638;;;8.9603880;
CNYRUB;D;20220808;0;8.9581701;;;8.9593623;
CNYRUB;D;20220808;0;8.9519683;;;8.9607855;
CNYRUB;D;20220808;0;8.9533921;;;8.9639348;
CNYRUB;D;20220808;0;9.0348073;;;8.9541865;
CNYRUB;D;20220808;0;8.9002100;;;8.9729370;
CNYRUB;D;20220808;0;8.9523810;;;8.9491746;
CNYRUB;D;20220808;0;8.8678185;;;8.9407501;
CNYRUB;D;20220808;0;8.9463570;;;8.9144591;
CNYRUB;D;20220808;0;8.9237827;;;8.9682270;
CNYRUB;D;20220808;0;8.9636800;;;9.0395154;
CNYRUB;D;20220808;0;9.0206476;;;9.0378490;
CNYRUB;D;20220808;0;8.9716317;;;9.0808088;
CNYRUB;D;20220808;0;8.9993334;;;9.1363603;
CNYRUB;D;20220809;0;9.0548848;;;9.0548848;
CNYRUB;D;20220809;0;9.0548848;;;9.0548848;
CNYRUB;D;20220809;0;8.9230427;;;8.9897045;
CNYRUB;D;20220809;0;8.9942523;;;8.9946078;
CNYRUB;D;20220809;0;8.9934672;;;8.9779942;
CNYRUB;D;20220809;0;9.0608675;;;8.9902772;
CNYRUB;D;20220809;0;8.9976766;;;8.9990083;
CNYRUB;D;20220809;0;8.9694063;;;8.9256639;
CNYRUB;D;20220809;0;8.9234436;;;9.0239206;
CNYRUB;D;20220809;0;9.0609494;;;8.9129727;
CNYRUB;D;20220809;0;8.8651170;;;8.9335939;
CNYRUB;D;20220809;0;8.9261924;;;8.9497534;
CNYRUB;D;20220809;0;8.9601197;;;8.9563633;
CNYRUB;D;20220809;0;8.9564966;;;8.9564277;
CNYRUB;D;20220809;0;8.9557761;;;8.9515771;
CNYRUB;D;20220809;0;9.0188065;;;8.9529028;
CNYRUB;D;20220809;0;8.9529028;;;8.9570138;
CNYRUB;D;20220809;0;8.9567600;;;8.9553015;
CNYRUB;D;20220809;0;8.9551237;;;8.9543280;
CNYRUB;D;20220809;0;8.9547723;;;8.9564310;
CNYRUB;D;20220810;0;8.9547279;;;8.9547279;
CNYRUB;D;20220810;0;8.9500185;;;8.9546693;
CNYRUB;D;20220810;0;8.9485376;;;8.9551870;
CNYRUB;D;20220810;0;8.9541355;;;8.9544465;
CNYRUB;D;20220810;0;8.9554947;;;8.9501036;
CNYRUB;D;20220810;0;8.9499267;;;8.9488382;
CNYRUB;D;20220810;0;8.9488678;;;8.9494124;
CNYRUB;D;20220810;0;8.9493680;;;8.9126645;
CNYRUB;D;20220810;0;8.9120429;;;8.9128060;
CNYRUB;D;20220810;0;8.9967882;;;8.9113295;
CNYRUB;D;20220810;0;8.9110927;;;8.9162831;
CNYRUB;D;20220810;0;8.9186238;;;8.9395397;
CNYRUB;D;20220810;0;8.9373196;;;8.9389072;
CNYRUB;D;20220810;0;8.9435267;;;8.9487942;
CNYRUB;D;20220810;0;8.9465737;;;8.9466902;
CNYRUB;D;20220810;0;8.9837212;;;9.0192410;
CNYRUB;D;20220810;0;9.0403082;;;8.9689098;
CNYRUB;D;20220810;0;9.0392332;;;9.0138331;
CNYRUB;D;20220810;0;9.0138331;;;8.9989588;
CNYRUB;D;20220810;0;9.0264763;;;9.0361446;
CNYRUB;D;20220810;0;9.0993604;;;9.1179533;
CNYRUB;D;20220810;0;9.0993604;;;9.0175517;
CNYRUB;D;20220811;0;9.0547375;;;9.0537948;
CNYRUB;D;20220811;0;9.0361446;;;9.1457088;
CNYRUB;D;20220811;0;9.1450840;;;9.1480589;
CNYRUB;D;20220811;0;8.9714447;;;8.9633652;
CNYRUB;D;20220811;0;8.9634394;;;8.9602925;
CNYRUB;D;20220811;0;9.0485938;;;8.9789132;
CNYRUB;D;20220811;0;8.9805307;;;8.9603953;
CNYRUB;D;20220811;0;8.9623689;;;8.9848793;
CNYRUB;D;20220811;0;9.0553635;;;9.0910440;
CNYRUB;D;20220811;0;9.0825293;;;8.9859460;
CNYRUB;D;20220811;0;9.0043631;;;8.9956358;
CNYRUB;D;20220811;0;9.0315589;;;9.0106694;
CNYRUB;D;20220811;0;8.9109499;;;8.9934266;
CNYRUB;D;20220811;0;8.9936344;;;9.1153949;
CNYRUB;D;20220811;0;9.0858635;;;9.0629684;
CNYRUB;D;20220811;0;8.9638182;;;8.9979662;
CNYRUB;D;20220811;0;8.9072312;;;8.9907879;
CNYRUB;D;20220811;0;8.9916185;;;8.9850990;
CNYRUB;D;20220811;0;8.9850990;;;8.9857810;
CNYRUB;D;20220811;0;8.9858255;;;8.9850990;
CNYRUB;D;20220812;0;8.9867003;;;8.9854696;
CNYRUB;D;20220812;0;8.9828749;;;8.9877975;
CNYRUB;D;20220812;0;8.9873971;;;8.9871455;
CNYRUB;D;20220812;0;8.9876640;;;8.9878864;
CNYRUB;D;20220812;0;8.9845800;;;8.9880643;
CNYRUB;D;20220812;0;8.9885833;;;8.9857986;
CNYRUB;D;20220812;0;8.9848054;;;8.9902112;
CNYRUB;D;20220812;0;8.9912494;;;8.9860719;
CNYRUB;D;20220812;0;8.9859383;;;8.9854640;
CNYRUB;D;20220812;0;8.9852413;;;8.9979960;
CNYRUB;D;20220812;0;8.9990796;;;8.9842533;
CNYRUB;D;20220812;0;8.9605070;;;8.9646315;
CNYRUB;D;20220812;0;9.0242773;;;9.0396319;
CNYRUB;D;20220812;0;9.0372712;;;9.0443686;
CNYRUB;D;20220812;0;8.9701736;;;9.0432519;
CNYRUB;D;20220812;0;9.0442605;;;9.0404782;
CNYRUB;D;20220812;0;9.0329136;;;9.1589884;
CNYRUB;D;20220812;0;9.1570867;;;8.9982934;
CNYRUB;D;20220812;0;8.9982934;;;9.0366360;
CNYRUB;D;20220812;0;8.9543938;;;8.9729329;
CNYRUB;D;20220812;0;8.9225965;;;9.0100111;
CNYRUB;D;20220812;0;8.9729329;;;8.9729329;
CNYRUB;D;20220813;0;9.0100111;;;9.0100111;
CNYRUB;D;20220814;0;9.0100111;;;9.0100111;
CNYRUB;D;20220814;0;9.0100111;;;9.0100111;
CNYRUB;D;20220815;0;9.0100111;;;9.0100111;
CNYRUB;D;20220815;0;9.0100111;;;9.1204449;
CNYRUB;D;20220815;0;9.1199075;;;9.1211384;
CNYRUB;D;20220815;0;9.1283907;;;9.1283907;
CNYRUB;D;20220815;0;9.0291464;;;8.9796602;
CNYRUB;D;20220815;0;8.9797648;;;8.9719677;
CNYRUB;D;20220815;0;8.9715233;;;8.9836948;
CNYRUB;D;20220815;0;8.9832658;;;9.0617744;
CNYRUB;D;20220815;0;9.0509783;;;9.0481682;
CNYRUB;D;20220815;0;9.0507968;;;9.0492953;
CNYRUB;D;20220815;0;9.1390582;;;9.0669799;
CNYRUB;D;20220815;0;9.0672942;;;9.0907680;
CNYRUB;D;20220815;0;9.0905746;;;9.0700938;
CNYRUB;D;20220815;0;9.0700938;;;9.0217231;
CNYRUB;D;20220815;0;9.0956111;;;9.0951115;
CNYRUB;D;20220815;0;9.0952592;;;8.9599645;
CNYRUB;D;20220815;0;9.0270350;;;9.0261016;
CNYRUB;D;20220815;0;8.8630220;;;8.9720868;
CNYRUB;D;20220815;0;8.9351647;;;8.9345049;
CNYRUB;D;20220816;0;8.9714244;;;9.0811194;
CNYRUB;D;20220816;0;9.0808536;;;9.0799084;
CNYRUB;D;20220816;0;8.8606660;;;8.8606660;
CNYRUB;D;20220816;0;8.9345049;;;9.0524257;
CNYRUB;D;20220816;0;9.0527357;;;9.0548328;
CNYRUB;D;20220816;0;9.0325109;;;9.0362865;
CNYRUB;D;20220816;0;9.0383817;;;9.0495070;
CNYRUB;D;20220816;0;9.0647800;;;9.0596003;
CNYRUB;D;20220816;0;9.0603077;;;9.0414303;
CNYRUB;D;20220816;0;9.0217023;;;9.0286985;
CNYRUB;D;20220816;0;9.0075425;;;9.0253791;
CNYRUB;D;20220816;0;9.0260985;;;9.0298991;
CNYRUB;D;20220816;0;9.0276595;;;8.8508608;
CNYRUB;D;20220816;0;8.8887416;;;8.9727420;
CNYRUB;D;20220816;0;8.9818771;;;9.0328284;
CNYRUB;D;20220816;0;9.0323864;;;8.9359382;
CNYRUB;D;20220816;0;8.8770038;;;8.9780430;
CNYRUB;D;20220816;0;8.9958005;;;8.9039581;
CNYRUB;D;20220816;0;8.9548939;;;8.9535741;
CNYRUB;D;20220816;0;8.8427755;;;8.9576427;
CNYRUB;D;20220817;0;8.9134438;;;8.9502762;
CNYRUB;D;20220817;0;8.9502762;;;9.0596685;
CNYRUB;D;20220817;0;9.0594475;;;9.0589024;
CNYRUB;D;20220817;0;8.9134438;;;8.9746593;
CNYRUB;D;20220817;0;8.9747035;;;8.9738222;
CNYRUB;D;20220817;0;8.9747477;;;8.9742615;
CNYRUB;D;20220817;0;8.8112548;;;8.9669909;
CNYRUB;D;20220817;0;8.9574123;;;8.9115917;
CNYRUB;D;20220817;0;8.9074800;;;8.9197481;
CNYRUB;D;20220817;0;8.9228455;;;8.9495687;
CNYRUB;D;20220817;0;8.9365851;;;8.9398402;
CNYRUB;D;20220817;0;8.9122439;;;8.8171900;
CNYRUB;D;20220817;0;8.9407562;;;8.8763465;
CNYRUB;D;20220817;0;8.8801334;;;8.9094693;
CNYRUB;D;20220817;0;8.9065175;;;8.8326843;
CNYRUB;D;20220817;0;8.8946584;;;8.8679078;
CNYRUB;D;20220817;0;8.8679078;;;8.8662075;
CNYRUB;D;20220817;0;8.7538164;;;8.7315634;
CNYRUB;D;20220817;0;8.8126844;;;8.8145045;
CNYRUB;D;20220818;0;8.8145045;;;8.9210767;
CNYRUB;D;20220818;0;8.9224915;;;8.9184573;
CNYRUB;D;20220818;0;8.7309195;;;8.7309195;
CNYRUB;D;20220818;0;8.7309195;;;8.9455202;
CNYRUB;D;20220818;0;8.9461397;;;8.9525846;
CNYRUB;D;20220818;0;8.9535727;;;8.9538087;
CNYRUB;D;20220818;0;8.9646781;;;8.9368668;
CNYRUB;D;20220818;0;8.9346547;;;8.9611114;
CNYRUB;D;20220818;0;8.8009734;;;8.9078976;
CNYRUB;D;20220818;0;8.9135730;;;8.8392404;
CNYRUB;D;20220818;0;8.8422186;;;8.7556211;
CNYRUB;D;20220818;0;8.7586654;;;8.7519190;
CNYRUB;D;20220818;0;8.7811059;;;8.6497549;
CNYRUB;D;20220818;0;8.7217691;;;8.6670102;
CNYRUB;D;20220818;0;8.7336405;;;8.6727109;
CNYRUB;D;20220818;0;8.6652243;;;8.7036846;
CNYRUB;D;20220818;0;8.6742430;;;8.6877135;
CNYRUB;D;20220819;0;8.7245259;;;8.8353925;
CNYRUB;D;20220819;0;8.8349213;;;8.8341188;
CNYRUB;D;20220819;0;8.6526849;;;8.6567648;
CNYRUB;D;20220819;0;8.6936021;;;8.7591143;
CNYRUB;D;20220819;0;8.7593649;;;8.7539448;
CNYRUB;D;20220819;0;8.6906077;;;8.7753142;
CNYRUB;D;20220819;0;8.7767841;;;8.7999116;
CNYRUB;D;20220819;0;8.7686980;;;8.7561418;
CNYRUB;D;20220819;0;8.7623609;;;8.7557471;
CNYRUB;D;20220819;0;8.7629504;;;8.6731712;
CNYRUB;D;20220819;0;8.6614000;;;8.6591851;
CNYRUB;D;20220819;0;8.7009210;;;8.6387265;
CNYRUB;D;20220819;0;8.6384728;;;8.6202643;
CNYRUB;D;20220819;0;8.6343612;;;8.5873797;
CNYRUB;D;20220819;0;8.6520238;;;8.5937156;
CNYRUB;D;20220819;0;8.5863705;;;8.5881645;
CNYRUB;D;20220819;0;8.6063889;;;8.6747661;
CNYRUB;D;20220819;0;8.6305676;;;8.5949782;
CNYRUB;D;20220820;0;8.6317089;;;8.6219548;
CNYRUB;D;20220822;0;8.6218283;;;8.7276101;
CNYRUB;D;20220822;0;8.7281489;;;8.7350661;
CNYRUB;D;20220822;0;8.5535977;;;8.5474475;
CNYRUB;D;20220822;0;8.6479626;;;8.6506367;
CNYRUB;D;20220822;0;8.6506807;;;8.6582800;
CNYRUB;D;20220822;0;8.6583534;;;8.6729945;
CNYRUB;D;20220822;0;8.6738161;;;8.5822428;
CNYRUB;D;20220822;0;8.7047415;;;8.8000998;
CNYRUB;D;20220822;0;8.8062467;;;8.7854293;
CNYRUB;D;20220822;0;8.7902118;;;8.7609805;
CNYRUB;D;20220822;0;8.7608855;;;8.7393199;
CNYRUB;D;20220822;0;8.7267839;;;8.7067526;
CNYRUB;D;20220822;0;8.7089687;;;8.7355075;
CNYRUB;D;20220822;0;8.7552112;;;8.6642732;
CNYRUB;D;20220822;0;8.7444314;;;8.7424369;
CNYRUB;D;20220822;0;8.7790621;;;8.6978495;
CNYRUB;D;20220822;0;8.6233412;;;8.6200586;
CNYRUB;D;20220822;0;8.6201848;;;8.6141308;
CNYRUB;D;20220823;0;8.6855078;;;8.7915558;
CNYRUB;D;20220823;0;8.7921200;;;8.7926995;
CNYRUB;D;20220823;0;8.7066205;;;8.7472617;
CNYRUB;D;20220823;0;8.7474811;;;8.7430827;
CNYRUB;D;20220823;0;8.7438720;;;8.7404398;
CNYRUB;D;20220823;0;8.7412798;;;8.7370043;
CNYRUB;D;20220823;0;8.7363032;;;8.7328367;
CNYRUB;D;20220823;0;8.6365562;;;8.5979029;
CNYRUB;D;20220823;0;8.7521613;;;8.7161925;
CNYRUB;D;20220823;0;8.5979029;;;8.7572726;
CNYRUB;D;20220823;0;8.7560751;;;8.6782230;
CNYRUB;D;20220823;0;8.6417139;;;8.7234944;
CNYRUB;D;20220823;0;8.7295695;;;8.7767977;
CNYRUB;D;20220823;0;8.7639465;;;8.7829452;
CNYRUB;D;20220823;0;8.7988492;;;8.6380630;
CNYRUB;D;20220823;0;8.6700450;;;8.7648879;
CNYRUB;D;20220823;0;8.6479938;;;8.7645041;
CNYRUB;D;20220824;0;8.6842297;;;8.7967262;
CNYRUB;D;20220824;0;8.7961627;;;8.6861314;
CNYRUB;D;20220824;0;8.7586126;;;8.7529906;
CNYRUB;D;20220824;0;8.7527352;;;8.7359090;
CNYRUB;D;20220824;0;8.7362111;;;8.7240836;
CNYRUB;D;20220824;0;8.6537396;;;8.7495802;
CNYRUB;D;20220824;0;8.7493173;;;8.6710478;
CNYRUB;D;20220824;0;8.7496459;;;8.7674334;
CNYRUB;D;20220824;0;8.7404162;;;8.7867942;
CNYRUB;D;20220824;0;8.7078488;;;8.7640991;
CNYRUB;D;20220824;0;8.7882064;;;8.6622807;
CNYRUB;D;20220824;0;8.8000877;;;8.7481709;
CNYRUB;D;20220824;0;8.7504939;;;8.7508780;
CNYRUB;D;20220824;0;8.6777101;;;8.7486830;
CNYRUB;D;20220824;0;8.7525901;;;8.7522975;
CNYRUB;D;20220824;0;8.7527804;;;8.7539657;
CNYRUB;D;20220824;0;8.7508780;;;8.7490856;
CNYRUB;D;20220824;0;8.7523267;;;8.7532633;
CNYRUB;D;20220824;0;8.7421707;;;8.7300603;
CNYRUB;D;20220824;0;8.7294513;;;8.7207529;
CNYRUB;D;20220825;0;8.7211903;;;8.7150433;
CNYRUB;D;20220825;0;8.7112050;;;8.7186675;
CNYRUB;D;20220825;0;8.7190612;;;8.7140089;
CNYRUB;D;20220825;0;8.7129288;;;8.7184776;
CNYRUB;D;20220825;0;8.7190083;;;8.7163113;
CNYRUB;D;20220825;0;8.7154057;;;8.7142170;
CNYRUB;D;20220825;0;8.7145376;;;8.7134033;
CNYRUB;D;20220825;0;8.7135781;;;8.7077219;
CNYRUB;D;20220825;0;8.7080173;;;8.7174375;
CNYRUB;D;20220825;0;8.7178307;;;8.7238539;
CNYRUB;D;20220825;0;8.7233413;;;8.7223955;
CNYRUB;D;20220825;0;8.7496175;;;8.6758723;
CNYRUB;D;20220825;0;8.6211925;;;8.6882664;
CNYRUB;D;20220825;0;8.6612910;;;8.7028477;
CNYRUB;D;20220825;0;8.7062889;;;8.6612910;
CNYRUB;D;20220825;0;8.7002085;;;8.7343433;
CNYRUB;D;20220825;0;8.6967673;;;8.7615715;
CNYRUB;D;20220825;0;8.7635059;;;8.7484872;
CNYRUB;D;20220825;0;8.7775198;;;8.7814666;
CNYRUB;D;20220825;0;8.7669814;;;8.7010770;
CNYRUB;D;20220825;0;8.6679897;;;8.6647499;
CNYRUB;D;20220825;0;8.6326420;;;8.7757099;
CNYRUB;D;20220826;0;8.6405867;;;8.7027279;
CNYRUB;D;20220826;0;8.7028550;;;8.8176799;
CNYRUB;D;20220826;0;8.8162991;;;8.8116333;
CNYRUB;D;20220826;0;8.7799965;;;8.7810219;
CNYRUB;D;20220826;0;8.7806373;;;8.7634595;
CNYRUB;D;20220826;0;8.7612984;;;8.7579734;
CNYRUB;D;20220826;0;8.7604840;;;8.7589544;
CNYRUB;D;20220826;0;8.7593193;;;8.7661379;
CNYRUB;D;20220826;0;8.7666195;;;8.7627136;
CNYRUB;D;20220826;0;8.6458485;;;8.8458729;
CNYRUB;D;20220826;0;8.8498006;;;8.7182558;
CNYRUB;D;20220826;0;8.7709012;;;8.7717774;
CNYRUB;D;20220826;0;8.7719526;;;8.7598756;
CNYRUB;D;20220826;0;8.7658776;;;8.6598420;
CNYRUB;D;20220826;0;8.7568527;;;8.7376783;
CNYRUB;D;20220826;0;8.7435197;;;8.7600012;
CNYRUB;D;20220826;0;8.7350497;;;8.7109540;
CNYRUB;D;20220826;0;8.6963506;;;8.6963506;
CNYRUB;D;20220826;0;8.7277242;;;8.7144857;
CNYRUB;D;20220826;0;8.7696908;;;8.7718658;
CNYRUB;D;20220826;0;8.7340258;;;8.7360296;
CNYRUB;D;20220827;0;8.6886107;;;8.6864561;
CNYRUB;D;20220827;0;8.6864561;;;8.6803784;
CNYRUB;D;20220829;0;8.6793663;;;8.7817999;
CNYRUB;D;20220829;0;8.7835468;;;8.7872998;
CNYRUB;D;20220829;0;8.7264804;;;8.7260989;
CNYRUB;D;20220829;0;8.7260989;;;8.7249545;
CNYRUB;D;20220829;0;8.7073739;;;8.7093318;
CNYRUB;D;20220829;0;8.7714261;;;8.7249545;
CNYRUB;D;20220829;0;8.8262295;;;8.8597169;
CNYRUB;D;20220829;0;8.8607503;;;8.7513309;
CNYRUB;D;20220829;0;8.8279051;;;8.8608352;
CNYRUB;D;20220829;0;8.8462995;;;8.7989522;
CNYRUB;D;20220829;0;8.7989522;;;8.7862912;
CNYRUB;D;20220829;0;8.7862912;;;8.8092847;
CNYRUB;D;20220829;0;8.8845230;;;8.7499090;
CNYRUB;D;20220829;0;8.7005021;;;8.8044823;
CNYRUB;D;20220829;0;8.8772466;;;8.8044823;
CNYRUB;D;20220830;0;8.8772466;;;8.9853166;
CNYRUB;D;20220830;0;8.9850833;;;8.9863931;
CNYRUB;D;20220830;0;8.7369490;;;8.7110533;
CNYRUB;D;20220830;0;8.7110533;;;8.7144551;
CNYRUB;D;20220830;0;8.7512476;;;8.7490962;
CNYRUB;D;20220830;0;8.6406363;;;8.7121869;
CNYRUB;D;20220830;0;8.8097924;;;8.7749675;
CNYRUB;D;20220830;0;8.7799168;;;8.7906291;
CNYRUB;D;20220830;0;8.7933526;;;8.7628628;
CNYRUB;D;20220830;0;8.7807293;;;8.7837334;
CNYRUB;D;20220830;0;8.7817648;;;8.8140069;
CNYRUB;D;20220830;0;8.7717548;;;8.8175732;
CNYRUB;D;20220830;0;8.8185564;;;8.8403743;
CNYRUB;D;20220830;0;8.8260392;;;8.8156447;
CNYRUB;D;20220830;0;8.8157723;;;8.8537217;
CNYRUB;D;20220830;0;8.8680720;;;8.6681144;
CNYRUB;D;20220830;0;8.6500181;;;8.7053151;
CNYRUB;D;20220830;0;8.6683945;;;8.6683945;
CNYRUB;D;20220831;0;8.5786266;;;8.5786266;
CNYRUB;D;20220831;0;8.5786266;;;8.6848726;
CNYRUB;D;20220831;0;8.6867679;;;8.6825691;
CNYRUB;D;20220831;0;8.6699971;;;8.6590886;
CNYRUB;D;20220831;0;8.6677658;;;8.6720373;
CNYRUB;D;20220831;0;8.7418903;;;8.6745645;
CNYRUB;D;20220831;0;8.6766751;;;8.6395118;
CNYRUB;D;20220831;0;8.7489698;;;8.7441450;
CNYRUB;D;20220831;0;8.7380746;;;8.7960954;
CNYRUB;D;20220831;0;8.8094102;;;8.6614686;
CNYRUB;D;20220831;0;8.7545931;;;8.7331817;
CNYRUB;D;20220831;0;8.7375739;;;8.7314638;
CNYRUB;D;20220831;0;8.7432066;;;8.7489312;
CNYRUB;D;20220831;0;8.7440003;;;8.7220443;
CNYRUB;D;20220831;0;8.7270619;;;8.6998218;
CNYRUB;D;20220831;0;8.6998218;;;8.6992423;
CNYRUB;D;20220831;0;8.5821058;;;8.7988423;
CNYRUB;D;20220831;0;8.6831937;;;8.6830680;
CNYRUB;D;20220901;0;8.5383502;;;8.5383502;
CNYRUB;D;20220901;0;8.6468886;;;8.6468886;
CNYRUB;D;20220901;0;8.5383502;;;8.5926194;
CNYRUB;D;20220901;0;8.7128365;;;8.7128654;
CNYRUB;D;20220901;0;8.7120116;;;8.7129667;
CNYRUB;D;20220901;0;8.7138432;;;8.7160580;
CNYRUB;D;20220901;0;8.7154436;;;8.6949368;
CNYRUB;D;20220901;0;8.6965474;;;8.7255229;
CNYRUB;D;20220901;0;8.7391304;;;8.7704026;
CNYRUB;D;20220901;0;8.7711305;;;8.7358775;
CNYRUB;D;20220901;0;8.7381412;;;8.6693461;
CNYRUB;D;20220901;0;8.6331979;;;8.7430941;
CNYRUB;D;20220901;0;8.7392155;;;8.6755937;
CNYRUB;D;20220901;0;8.7461920;;;8.7773992;
CNYRUB;D;20220901;0;8.7711751;;;8.6086906;
CNYRUB;D;20220901;0;8.6446871;;;8.5656504;
CNYRUB;D;20220901;0;8.5895707;;;8.7119893;
CNYRUB;D;20220902;0;8.5901230;;;8.5917435;
CNYRUB;D;20220902;0;8.6342001;;;8.7438830;
CNYRUB;D;20220902;0;8.7407681;;;8.7493794;
CNYRUB;D;20220902;0;8.5903020;;;8.6311511;
CNYRUB;D;20220902;0;8.6006677;;;8.6006677;
CNYRUB;D;20220902;0;8.5890550;;;8.7413122;
CNYRUB;D;20220902;0;8.7411090;;;8.7415300;
CNYRUB;D;20220902;0;8.7418348;;;8.7271012;
CNYRUB;D;20220902;0;8.6977552;;;8.7061618;
CNYRUB;D;20220902;0;8.7060791;;;8.6916213;
CNYRUB;D;20220902;0;8.7570621;;;8.7903494;
CNYRUB;D;20220902;0;8.7899325;;;8.7214942;
CNYRUB;D;20220902;0;8.7253417;;;8.7946797;
CNYRUB;D;20220902;0;8.6781409;;;8.7337043;
CNYRUB;D;20220902;0;8.7345043;;;8.7799365;
CNYRUB;D;20220902;0;8.7715486;;;8.7368223;
CNYRUB;D;20220902;0;8.7379823;;;8.7342892;
CNYRUB;D;20220902;0;8.7403198;;;8.7918938;
CNYRUB;D;20220902;0;8.7121651;;;8.7956453;
CNYRUB;D;20220902;0;8.6434339;;;8.8144046;
CNYRUB;D;20220902;0;8.7375830;;;8.7364789;
CNYRUB;D;20220902;0;8.7339941;;;8.7294518;
CNYRUB;D;20220902;0;8.7322225;;;8.7264066;
CNYRUB;D;20220903;0;8.7251759;;;8.7267541;
CNYRUB;D;20220903;0;8.7284192;;;8.7244375;
CNYRUB;D;20220905;0;8.7213680;;;8.7267396;
CNYRUB;D;20220905;0;8.7250746;;;8.7254774;
CNYRUB;D;20220905;0;8.7282694;;;8.7357914;
CNYRUB;D;20220905;0;8.7253209;;;8.7292273;
CNYRUB;D;20220905;0;8.7415424;;;8.7603303;
CNYRUB;D;20220905;0;8.7606346;;;8.7610589;
CNYRUB;D;20220905;0;8.7611313;;;8.7605968;
CNYRUB;D;20220905;0;8.7571890;;;8.7616661;
CNYRUB;D;20220905;0;8.7591887;;;8.6610351;
CNYRUB;D;20220905;0;8.7927612;;;8.8303416;
CNYRUB;D;20220905;0;8.8297025;;;9.0350979;
CNYRUB;D;20220905;0;8.9192633;;;8.8591741;
CNYRUB;D;20220905;0;8.8664138;;;8.7903104;
CNYRUB;D;20220905;0;8.8215279;;;8.7630359;
CNYRUB;D;20220905;0;8.7632898;;;8.7553430;
CNYRUB;D;20220905;0;8.7553430;;;8.7511415;
CNYRUB;D;20220905;0;8.8323549;;;8.7533522;
CNYRUB;D;20220905;0;8.7737914;;;8.7627745;
CNYRUB;D;20220905;0;8.7917663;;;8.8352540;
CNYRUB;D;20220905;0;8.7707473;;;8.8069870;
CNYRUB;D;20220906;0;8.6989925;;;8.7352323;
CNYRUB;D;20220906;0;8.7352323;;;8.8404904;
CNYRUB;D;20220906;0;8.8431688;;;8.8349351;
CNYRUB;D;20220906;0;8.7485541;;;8.7945213;
CNYRUB;D;20220906;0;8.7954227;;;8.7833992;
CNYRUB;D;20220906;0;8.7833095;;;8.7817261;
CNYRUB;D;20220906;0;8.7834293;;;8.7724375;
CNYRUB;D;20220906;0;8.7705767;;;8.7741326;
CNYRUB;D;20220906;0;8.8357813;;;8.7871180;
CNYRUB;D;20220906;0;8.7869912;;;8.8476276;
CNYRUB;D;20220906;0;8.7323365;;;8.6885104;
CNYRUB;D;20220906;0;8.7554211;;;8.8224261;
CNYRUB;D;20220906;0;8.7688801;;;8.7858503;
CNYRUB;D;20220906;0;8.7911882;;;8.8435570;
CNYRUB;D;20220906;0;8.7809452;;;8.7312464;
CNYRUB;D;20220906;0;8.7775710;;;8.7876821;
CNYRUB;D;20220906;0;8.7876821;;;8.7630725;
CNYRUB;D;20220906;0;8.8424089;;;8.8420263;
CNYRUB;D;20220906;0;8.7021436;;;8.6588673;
CNYRUB;D;20220906;0;8.6941784;;;8.7611768;
CNYRUB;D;20220907;0;8.6927991;;;8.8113512;
CNYRUB;D;20220907;0;8.7326321;;;8.8327278;
CNYRUB;D;20220907;0;8.8331099;;;8.8297860;
CNYRUB;D;20220907;0;8.7542330;;;8.7165745;
CNYRUB;D;20220907;0;8.8210293;;;8.8061527;
CNYRUB;D;20220907;0;8.8065130;;;8.8142538;
CNYRUB;D;20220907;0;8.8143862;;;8.8503860;
CNYRUB;D;20220907;0;8.7712981;;;8.8025890;
CNYRUB;D;20220907;0;8.8277598;;;8.7978331;
CNYRUB;D;20220907;0;8.8014255;;;8.7784724;
CNYRUB;D;20220907;0;8.7560537;;;8.7749601;
CNYRUB;D;20220907;0;8.7498743;;;8.6950273;
CNYRUB;D;20220907;0;8.6405116;;;8.7278030;
CNYRUB;D;20220907;0;8.7275522;;;8.6342003;
CNYRUB;D;20220907;0;8.7228628;;;8.7486337;
CNYRUB;D;20220907;0;8.7486337;;;8.6578841;
CNYRUB;D;20220907;0;8.6866479;;;8.6506932;
CNYRUB;D;20220907;0;8.6506932;;;8.6506932;
CNYRUB;D;20220908;0;8.6363113;;;8.6348211;
CNYRUB;D;20220908;0;8.6363113;;;8.6363113;
CNYRUB;D;20220908;0;8.8699713;;;8.9396179;
CNYRUB;D;20220908;0;8.8597158;;;8.7532799;
CNYRUB;D;20220908;0;8.7536922;;;8.7379669;
CNYRUB;D;20220908;0;8.7147219;;;8.7224891;
CNYRUB;D;20220908;0;8.7062872;;;8.7097908;
CNYRUB;D;20220908;0;8.7100366;;;8.7140335;
CNYRUB;D;20220908;0;8.7154444;;;8.7166789;
CNYRUB;D;20220908;0;8.7166789;;;8.7193382;
CNYRUB;D;20220908;0;8.7021347;;;8.7682612;
CNYRUB;D;20220908;0;8.7408586;;;8.6415684;
CNYRUB;D;20220908;0;8.7132232;;;8.6360118;
CNYRUB;D;20220908;0;8.6790127;;;8.6381167;
CNYRUB;D;20220908;0;8.5664311;;;8.5723304;
CNYRUB;D;20220909;0;8.7156753;;;8.7221823;
CNYRUB;D;20220909;0;8.7220571;;;8.8290596;
CNYRUB;D;20220909;0;8.8288299;;;8.8266762;
CNYRUB;D;20220909;0;8.6145011;;;8.6145011;
CNYRUB;D;20220909;0;8.6145011;;;8.6145011;
CNYRUB;D;20220909;0;8.6862886;;;8.7191816;
CNYRUB;D;20220909;0;8.7172290;;;8.7165128;
CNYRUB;D;20220909;0;8.7293314;;;8.7148250;
CNYRUB;D;20220909;0;8.6957458;;;8.6881952;
CNYRUB;D;20220909;0;8.6824921;;;8.6782377;
CNYRUB;D;20220909;0;8.6062103;;;8.6699889;
CNYRUB;D;20220909;0;8.6928734;;;8.6694957;
CNYRUB;D;20220909;0;8.6731763;;;8.6620660;
CNYRUB;D;20220909;0;8.6620852;;;8.7087564;
CNYRUB;D;20220909;0;8.7153054;;;8.6180089;
CNYRUB;D;20220909;0;8.6180089;;;8.6816535;
CNYRUB;D;20220909;0;8.6574393;;;8.6780485;
CNYRUB;D;20220909;0;8.5967157;;;8.7200265;
CNYRUB;D;20220909;0;8.5839256;;;8.6151855;
CNYRUB;D;20220909;0;8.5587982;;;8.7109993;
CNYRUB;D;20220909;0;8.5952552;;;8.5942667;
CNYRUB;D;20220911;0;8.5951090;;;8.5944912;
CNYRUB;D;20220912;0;8.5944912;;;8.5944912;
CNYRUB;D;20220912;0;8.6972772;;;8.6338949;
CNYRUB;D;20220912;0;8.6356488;;;8.6356488;
CNYRUB;D;20220912;0;8.7404042;;;8.7286449;
CNYRUB;D;20220912;0;8.7286881;;;8.7284724;
CNYRUB;D;20220912;0;8.7284293;;;8.7315846;
CNYRUB;D;20220912;0;8.7332164;;;8.7496765;
CNYRUB;D;20220912;0;8.7505535;;;8.7362497;
CNYRUB;D;20220912;0;8.6991261;;;8.7454344;
CNYRUB;D;20220912;0;8.7458447;;;8.7038237;
CNYRUB;D;20220912;0;8.6849761;;;8.7063596;
CNYRUB;D;20220912;0;8.7095877;;;8.6995703;
CNYRUB;D;20220912;0;8.7036220;;;8.6279314;
CNYRUB;D;20220912;0;8.6281802;;;8.6547616;
CNYRUB;D;20220912;0;8.6695712;;;8.6083577;
CNYRUB;D;20220912;0;8.7043165;;;8.6270456;
CNYRUB;D;20220912;0;8.5941453;;;8.6512065;
CNYRUB;D;20220912;0;8.6230565;;;8.6492069;
CNYRUB;D;20220912;0;8.6203161;;;8.6529433;
CNYRUB;D;20220912;0;8.6493319;;;8.6493319;
CNYRUB;D;20220913;0;8.6493319;;;8.7579527;
CNYRUB;D;20220913;0;8.7574326;;;8.5673021;
CNYRUB;D;20220913;0;8.6756210;;;8.6977325;
CNYRUB;D;20220913;0;8.6970104;;;8.6973137;
CNYRUB;D;20220913;0;8.6976603;;;8.7181254;
CNYRUB;D;20220913;0;8.6441363;;;8.7283362;
CNYRUB;D;20220913;0;8.7324235;;;8.7377239;
CNYRUB;D;20220913;0;8.7355575;;;8.6922299;
CNYRUB;D;20220913;0;8.6972704;;;8.6799538;
CNYRUB;D;20220913;0;8.6870739;;;8.6675765;
CNYRUB;D;20220913;0;8.6682987;;;8.6633449;
CNYRUB;D;20220913;0;8.6671433;;;8.6473137;
CNYRUB;D;20220913;0;8.6473137;;;8.6655113;
CNYRUB;D;20220913;0;8.6943963;;;8.6871750;
CNYRUB;D;20220913;0;8.7016176;;;8.6688330;
CNYRUB;D;20220913;0;8.6694107;;;8.5788562;
CNYRUB;D;20220913;0;8.5716349;;;8.5788562;
CNYRUB;D;20220913;0;8.5784951;;;8.6799538;
CNYRUB;D;20220913;0;8.6077412;;;8.4488735;
CNYRUB;D;20220913;0;8.4488735;;;8.4488735;
CNYRUB;D;20220914;0;8.4416522;;;8.6005199;
CNYRUB;D;20220914;0;8.4849798;;;8.5930387;
CNYRUB;D;20220914;0;8.8366551;;;8.9160890;
CNYRUB;D;20220914;0;8.6582900;;;8.6601964;
CNYRUB;D;20220914;0;8.6611207;;;8.6681542;
CNYRUB;D;20220914;0;8.6683709;;;8.6702773;
CNYRUB;D;20220914;0;8.6633449;;;8.6460861;
CNYRUB;D;20220914;0;8.6452629;;;8.6200173;
CNYRUB;D;20220914;0;8.6384671;;;8.6310396;
CNYRUB;D;20220914;0;8.6067351;;;8.6202663;
CNYRUB;D;20220914;0;8.6255434;;;8.6222588;
CNYRUB;D;20220914;0;8.5589841;;;8.6266593;
CNYRUB;D;20220914;0;8.6067776;;;8.6399954;
CNYRUB;D;20220914;0;8.6233800;;;8.5474715;
CNYRUB;D;20220914;0;8.6429490;;;8.5932987;
CNYRUB;D;20220914;0;8.6255290;;;8.6174348;
CNYRUB;D;20220914;0;8.6170940;;;8.6163601;
CNYRUB;D;20220914;0;8.6157164;;;8.6198037;
CNYRUB;D;20220914;0;8.6193274;;;8.6245938;
CNYRUB;D;20220915;0;8.6241750;;;8.6241173;
CNYRUB;D;20220915;0;8.6193949;;;8.6232941;
CNYRUB;D;20220915;0;8.6224276;;;8.6233085;
CNYRUB;D;20220915;0;8.6267156;;;8.6263797;
CNYRUB;D;20220915;0;8.6234385;;;8.6246660;
CNYRUB;D;20220915;0;8.6239295;;;8.6233807;
CNYRUB;D;20220915;0;8.5690546;;;8.5763155;
CNYRUB;D;20220915;0;8.5734817;;;8.5739762;
CNYRUB;D;20220915;0;8.5735638;;;8.6008845;
CNYRUB;D;20220915;0;8.6080639;;;8.6088537;
CNYRUB;D;20220915;0;8.6098227;;;8.4886961;
CNYRUB;D;20220915;0;8.5243594;;;8.5636351;
CNYRUB;D;20220915;0;8.5886356;;;8.5675932;
CNYRUB;D;20220915;0;8.5860326;;;8.5548053;
CNYRUB;D;20220915;0;8.6094190;;;8.5618013;
CNYRUB;D;20220915;0;8.6645400;;;8.5694367;
CNYRUB;D;20220915;0;8.5760490;;;8.5622934;
CNYRUB;D;20220915;0;8.5646070;;;8.5613733;
CNYRUB;D;20220915;0;8.6093714;;;8.5616192;
CNYRUB;D;20220915;0;8.6130747;;;8.6637931;
CNYRUB;D;20220915;0;8.6959957;;;8.6874389;
CNYRUB;D;20220915;0;8.5653336;;;8.6012469;
CNYRUB;D;20220915;0;8.6802563;;;8.6802563;
CNYRUB;D;20220915;0;8.5617422;;;8.5617422;
CNYRUB;D;20220916;0;8.5636959;;;8.5595874;
CNYRUB;D;20220916;0;8.5595874;;;8.5631571;
CNYRUB;D;20220916;0;8.5639077;;;8.5641081;
CNYRUB;D;20220916;0;8.5645516;;;8.5581425;
CNYRUB;D;20220916;0;8.5585858;;;8.5584727;
CNYRUB;D;20220916;0;8.5575029;;;8.5862797;
CNYRUB;D;20220916;0;8.5865668;;;8.5815281;
CNYRUB;D;20220916;0;8.5854456;;;8.5912522;
CNYRUB;D;20220916;0;8.5929939;;;8.5886074;
CNYRUB;D;20220916;0;8.5874573;;;8.5600241;
CNYRUB;D;20220916;0;8.6040445;;;8.5955636;
CNYRUB;D;20220916;0;8.6409882;;;8.5818494;
CNYRUB;D;20220916;0;8.6329114;;;8.5783381;
CNYRUB;D;20220916;0;8.5836326;;;8.5958555;
CNYRUB;D;20220916;0;8.5978561;;;8.6078196;
CNYRUB;D;20220916;0;8.6116836;;;8.6235895;
CNYRUB;D;20220916;0;8.6226029;;;8.5437698;
CNYRUB;D;20220916;0;8.6219864;;;8.5115966;
CNYRUB;D;20220916;0;8.6331398;;;8.6522435;
CNYRUB;D;20220916;0;8.5723682;;;8.5866674;
CNYRUB;D;20220916;0;8.5080218;;;8.5437698;
CNYRUB;D;20220916;0;8.6081162;;;8.6855198;
CNYRUB;D;20220917;0;8.6152658;;;8.5437698;
CNYRUB;D;20220917;0;8.5293782;;;8.5132151;
CNYRUB;D;20220919;0;8.5613120;;;8.5706770;
CNYRUB;D;20220919;0;8.5708420;;;8.5810753;
CNYRUB;D;20220919;0;8.5856497;;;8.5890483;
CNYRUB;D;20220919;0;8.5905603;;;8.5694047;
CNYRUB;D;20220919;0;8.5883896;;;8.6175326;
CNYRUB;D;20220919;0;8.6186387;;;8.5588730;
CNYRUB;D;20220919;0;8.5648872;;;8.5598223;
CNYRUB;D;20220919;0;8.5579223;;;8.5625276;
CNYRUB;D;20220919;0;8.5673202;;;8.5695841;
CNYRUB;D;20220919;0;8.5693030;;;8.5654159;
CNYRUB;D;20220919;0;8.5316022;;;8.5666001;
CNYRUB;D;20220919;0;8.5668140;;;8.4651481;
CNYRUB;D;20220919;0;8.5675560;;;8.5803429;
CNYRUB;D;20220919;0;8.5822987;;;8.6570008;
CNYRUB;D;20220919;0;8.6062265;;;8.6059542;
CNYRUB;D;20220919;0;8.6059972;;;8.6059686;
CNYRUB;D;20220919;0;8.6032751;;;8.7214717;
CNYRUB;D;20220920;0;8.6032751;;;8.6059256;
CNYRUB;D;20220920;0;8.6061835;;;8.6060115;
CNYRUB;D;20220920;0;8.6060545;;;8.5783649;
CNYRUB;D;20220920;0;8.5770977;;;8.5745568;
CNYRUB;D;20220920;0;8.5754993;;;8.5715223;
CNYRUB;D;20220920;0;8.5709352;;;8.5860184;
CNYRUB;D;20220920;0;8.5860981;;;8.5791320;
CNYRUB;D;20220920;0;8.5797864;;;8.5985390;
CNYRUB;D;20220920;0;8.5823132;;;8.6019521;
CNYRUB;D;20220920;0;8.5824404;;;8.5666453;
CNYRUB;D;20220920;0;8.5751941;;;8.5593935;
CNYRUB;D;20220920;0;8.5596500;;;8.5509622;
CNYRUB;D;20220920;0;8.5281540;;;8.5577658;
CNYRUB;D;20220920;0;8.5583219;;;8.5743227;
CNYRUB;D;20220920;0;8.5613399;;;8.6036839;
CNYRUB;D;20220920;0;8.5759128;;;8.6219399;
CNYRUB;D;20220920;0;8.6238099;;;8.5367595;
CNYRUB;D;20220920;0;8.6271235;;;8.5367595;
CNYRUB;D;20220920;0;8.6556745;;;8.6556745;
CNYRUB;D;20220920;0;8.6152748;;;8.6937901;
CNYRUB;D;20220920;0;8.5888081;;;8.7467512;
CNYRUB;D;20220920;0;8.7259101;;;8.7687366;
CNYRUB;D;20220920;0;8.6224126;;;8.6581014;
CNYRUB;D;20220921;0;8.6581014;;;8.6485947;
CNYRUB;D;20220921;0;8.7542814;;;8.7659040;
CNYRUB;D;20220921;0;8.6566184;;;8.6564949;
CNYRUB;D;20220921;0;8.6739645;;;8.6408629;
CNYRUB;D;20220921;0;8.6414763;;;8.6375629;
CNYRUB;D;20220921;0;8.6377250;;;8.6358646;
CNYRUB;D;20220921;0;8.7462929;;;8.6606646;
CNYRUB;D;20220921;0;8.6731636;;;8.8292433;
CNYRUB;D;20220921;0;8.8475524;;;8.6752588;
CNYRUB;D;20220921;0;8.6967865;;;8.6452763;
CNYRUB;D;20220921;0;8.6488414;;;8.6408044;
CNYRUB;D;20220921;0;8.6459673;;;8.6463754;
CNYRUB;D;20220921;0;8.6684724;;;8.6912905;
CNYRUB;D;20220921;0;8.6910428;;;8.7043317;
CNYRUB;D;20220921;0;8.6421864;;;8.6553808;
CNYRUB;D;20220921;0;8.6493958;;;8.7112403;
CNYRUB;D;20220921;0;8.7351801;;;8.6311305;
CNYRUB;D;20220921;0;8.6104936;;;8.7244927;
CNYRUB;D;20220921;0;8.6260889;;;8.6524117;
CNYRUB;D;20220921;0;8.5388725;;;8.5330532;
CNYRUB;D;20220922;0;8.5687917;;;8.7433877;
CNYRUB;D;20220922;0;8.7433309;;;8.7392940;
CNYRUB;D;20220922;0;8.5307519;;;8.5318418;
CNYRUB;D;20220922;0;8.6023337;;;8.6102467;
CNYRUB;D;20220922;0;8.6097409;;;8.6518718;
CNYRUB;D;20220922;0;8.6493569;;;8.6410860;
CNYRUB;D;20220922;0;8.6439981;;;8.6532044;
CNYRUB;D;20220922;0;8.6482341;;;8.5554530;
CNYRUB;D;20220922;0;8.5050192;;;8.5317207;
CNYRUB;D;20220922;0;8.5295913;;;8.4999077;
CNYRUB;D;20220922;0;8.5043135;;;8.4404620;
CNYRUB;D;20220922;0;8.5206311;;;8.4071173;
CNYRUB;D;20220922;0;8.4027612;;;8.4716015;
CNYRUB;D;20220922;0;8.4625208;;;8.4067595;
CNYRUB;D;20220922;0;8.4315896;;;8.3570993;
CNYRUB;D;20220922;0;8.4063338;;;8.3287220;
CNYRUB;D;20220922;0;8.3783822;;;8.3109863;
CNYRUB;D;20220922;0;8.3003448;;;8.4126601;
CNYRUB;D;20220923;0;8.2897033;;;8.3406187;
CNYRUB;D;20220923;0;8.3394428;;;8.4484077;
CNYRUB;D;20220923;0;8.4442548;;;8.4492735;
CNYRUB;D;20220923;0;8.3086472;;;8.3239069;
CNYRUB;D;20220923;0;8.3238741;;;8.3285166;
CNYRUB;D;20220923;0;8.3273176;;;8.3940907;
CNYRUB;D;20220923;0;8.3934142;;;8.3635454;
CNYRUB;D;20220923;0;8.3638979;;;8.2982273;
CNYRUB;D;20220923;0;8.4158668;;;8.3726648;
CNYRUB;D;20220923;0;8.3299185;;;8.3878858;
CNYRUB;D;20220923;0;8.3416986;;;8.2632756;
CNYRUB;D;20220923;0;8.2441689;;;8.2303944;
CNYRUB;D;20220923;0;8.1860294;;;8.0889430;
CNYRUB;D;20220923;0;8.1399233;;;7.9572783;
CNYRUB;D;20220923;0;8.0244731;;;8.0540327;
CNYRUB;D;20220923;0;8.0382072;;;8.0586955;
CNYRUB;D;20220923;0;8.0565760;;;8.0716950;
CNYRUB;D;20220923;0;8.0893574;;;8.0716950;
CNYRUB;D;20220923;0;8.0356638;;;8.0347556;
CNYRUB;D;20220925;0;8.0612389;;;8.0610976;
CNYRUB;D;20220926;0;8.0613254;;;7.9694200;
CNYRUB;D;20220926;0;8.0339083;;;8.2930439;
CNYRUB;D;20220926;0;8.2430128;;;8.0631532;
CNYRUB;D;20220926;0;8.2085769;;;8.1948498;
CNYRUB;D;20220926;0;8.1950471;;;8.1899043;
CNYRUB;D;20220926;0;8.1298807;;;8.1400110;
CNYRUB;D;20220926;0;8.1388818;;;8.1422541;
CNYRUB;D;20220926;0;8.1293446;;;8.1210571;
CNYRUB;D;20220926;0;8.1218601;;;8.1920483;
CNYRUB;D;20220926;0;8.1343074;;;8.1217076;
CNYRUB;D;20220926;0;8.1214794;;;8.0117731;
CNYRUB;D;20220926;0;8.0214670;;;8.1099299;
CNYRUB;D;20220927;0;8.1106133;;;8.2166156;
CNYRUB;D;20220927;0;8.2091368;;;8.2101380;
CNYRUB;D;20220927;0;8.1102893;;;8.1686919;
CNYRUB;D;20220927;0;8.1695619;;;8.2039682;
CNYRUB;D;20220927;0;8.2206101;;;8.2182668;
CNYRUB;D;20220927;0;8.2197542;;;8.2156989;
CNYRUB;D;20220927;0;8.1696742;;;8.1419471;
CNYRUB;D;20220927;0;8.1911430;;;8.1876351;
CNYRUB;D;20220927;0;8.1504504;;;8.1555210;
CNYRUB;D;20220927;0;8.1611708;;;8.1455392;
CNYRUB;D;20220927;0;8.1352680;;;8.1205257;
CNYRUB;D;20220927;0;8.1202986;;;8.0809633;
CNYRUB;D;20220927;0;8.1159987;;;8.1721390;
CNYRUB;D;20220927;0;8.1721390;;;8.2302152;
CNYRUB;D;20220927;0;8.1930603;;;8.1805872;
CNYRUB;D;20220927;0;8.2905315;;;8.1817293;
CNYRUB;D;20220927;0;8.0629398;;;8.1309339;
CNYRUB;D;20220928;0;8.1302518;;;8.2352555;
CNYRUB;D;20220928;0;8.2345358;;;8.1189004;
CNYRUB;D;20220928;0;8.0630524;;;8.0641783;
CNYRUB;D;20220928;0;8.0641783;;;8.0673325;
CNYRUB;D;20220928;0;8.0674452;;;8.1679435;
CNYRUB;D;20220928;0;8.1672120;;;8.1754408;
CNYRUB;D;20220928;0;8.1758186;;;8.2006017;
CNYRUB;D;20220928;0;8.1971457;;;8.2258182;
CNYRUB;D;20220928;0;8.2263325;;;8.2245376;
CNYRUB;D;20220928;0;8.2455722;;;8.2525838;
CNYRUB;D;20220928;0;8.2241916;;;8.2172956;
CNYRUB;D;20220928;0;8.1853492;;;8.1508006;
CNYRUB;D;20220928;0;8.1836327;;;8.1924886;
CNYRUB;D;20220928;0;8.1849392;;;8.0890564;
CNYRUB;D;20220928;0;8.0657408;;;8.1549115;
CNYRUB;D;20220928;0;8.1462557;;;8.1047469;
CNYRUB;D;20220928;0;8.1396811;;;8.0931357;
CNYRUB;D;20220928;0;8.0680453;;;8.0745515;
CNYRUB;D;20220928;0;8.0680118;;;8.0524737;
CNYRUB;D;20220928;0;8.0173605;;;8.0159062;
CNYRUB;D;20220929;0;7.9373936;;;7.9684886;
CNYRUB;D;20220929;0;7.9684886;;;8.0726619;
CNYRUB;D;20220929;0;8.0729826;;;8.0789290;
CNYRUB;D;20220929;0;8.0114349;;;8.0119936;
CNYRUB;D;20220929;0;8.0079731;;;8.0071918;
CNYRUB;D;20220929;0;8.0246656;;;8.0417781;
CNYRUB;D;20220929;0;8.0415552;;;8.0546265;
CNYRUB;D;20220929;0;8.0824972;;;8.0943423;
CNYRUB;D;20220929;0;8.0817584;;;8.0294413;
CNYRUB;D;20220929;0;8.0267559;;;7.9967949;
CNYRUB;D;20220929;0;8.0504459;;;8.0673077;
CNYRUB;D;20220929;0;7.9675307;;;7.9135844;
CNYRUB;D;20220929;0;7.9479969;;;8.0322491;
CNYRUB;D;20220929;0;8.0284595;;;8.0641812;
CNYRUB;D;20220929;0;8.0639043;;;8.0178309;
CNYRUB;D;20220929;0;8.0178584;;;7.8943363;
CNYRUB;D;20220929;0;7.7493634;;;7.7458262;
CNYRUB;D;20220930;0;7.8498907;;;7.8385061;
CNYRUB;D;20220930;0;7.9054959;;;7.8948552;
CNYRUB;D;20220930;0;7.8823205;;;7.9170791;
CNYRUB;D;20220930;0;7.9514481;;;7.9278494;
CNYRUB;D;20220930;0;7.9071086;;;8.0074647;
CNYRUB;D;20220930;0;8.0102598;;;8.0402545;
CNYRUB;D;20220930;0;8.0221331;;;8.0755847;
CNYRUB;D;20220930;0;8.0533307;;;8.1359558;
CNYRUB;D;20220930;0;8.1374224;;;8.1434922;
CNYRUB;D;20220930;0;8.1546048;;;8.2293374;
CNYRUB;D;20220930;0;8.2325323;;;8.2580914;
CNYRUB;D;20220930;0;8.3390749;;;8.4024499;
CNYRUB;D;20220930;0;8.4040839;;;8.4299208;
CNYRUB;D;20220930;0;8.3865815;;;8.2690916;
CNYRUB;D;20220930;0;8.1037841;;;8.2605010;
CNYRUB;D;20220930;0;8.2261068;;;8.2333143;
CNYRUB;D;20221002;0;8.2333143;;;8.3571081;
CNYRUB;D;20221003;0;8.2805650;;;8.3699546;
CNYRUB;D;20221003;0;8.3702361;;;8.3677870;
CNYRUB;D;20221003;0;8.3429429;;;8.2228853;
CNYRUB;D;20221003;0;8.2228853;;;8.0906185;
CNYRUB;D;20221003;0;8.0896698;;;8.0403309;
CNYRUB;D;20221003;0;8.2943733;;;8.3187825;
CNYRUB;D;20221003;0;8.3285920;;;8.3428098;
CNYRUB;D;20221003;0;8.2947531;;;8.0790826;
CNYRUB;D;20221003;0;8.1927627;;;8.2105470;
CNYRUB;D;20221003;0;8.1179310;;;8.1388951;
CNYRUB;D;20221003;0;8.1872026;;;8.1465251;
CNYRUB;D;20221003;0;8.1973706;;;8.1465251;
CNYRUB;D;20221003;0;8.2237766;;;8.2869824;
CNYRUB;D;20221003;0;8.3802412;;;8.2065034;
CNYRUB;D;20221003;0;8.3429537;;;8.3996802;
CNYRUB;D;20221003;0;8.2646077;;;8.2864005;
CNYRUB;D;20221003;0;8.3463251;;;8.2791934;
CNYRUB;D;20221003;0;8.2943219;;;8.2944385;
CNYRUB;D;20221003;0;8.3541866;;;8.2674056;
CNYRUB;D;20221004;0;8.3980240;;;8.3529528;
CNYRUB;D;20221004;0;8.1774514;;;8.1782060;
CNYRUB;D;20221004;0;8.1790613;;;8.1795880;
CNYRUB;D;20221004;0;8.1779930;;;8.1683022;
CNYRUB;D;20221004;0;8.1651114;;;8.1531164;
CNYRUB;D;20221004;0;8.1528635;;;8.1540429;
CNYRUB;D;20221004;0;8.1560387;;;8.2235408;
CNYRUB;D;20221004;0;8.2273775;;;8.2283163;
CNYRUB;D;20221004;0;8.2309066;;;8.3444640;
CNYRUB;D;20221004;0;8.2319859;;;8.2779223;
CNYRUB;D;20221004;0;8.2387011;;;8.2519154;
CNYRUB;D;20221004;0;8.2706122;;;8.2944542;
CNYRUB;D;20221004;0;8.2983623;;;8.2940887;
CNYRUB;D;20221004;0;8.2730020;;;8.2967316;
CNYRUB;D;20221004;0;8.2870598;;;8.2082420;
CNYRUB;D;20221004;0;8.3186898;;;8.2940887;
CNYRUB;D;20221004;0;8.2919800;;;8.2954523;
CNYRUB;D;20221004;0;8.3109580;;;8.2940887;
CNYRUB;D;20221004;0;8.2919800;;;8.2963661;
CNYRUB;D;20221004;0;8.2241513;;;8.2964504;
CNYRUB;D;20221004;0;8.2963661;;;8.2273143;
CNYRUB;D;20221004;0;8.2940887;;;8.2967878;
CNYRUB;D;20221005;0;8.2955788;;;8.1956843;
CNYRUB;D;20221005;0;8.2919800;;;8.2273143;
CNYRUB;D;20221005;0;8.2919800;;;8.2964082;
CNYRUB;D;20221005;0;8.2960287;;;8.2972798;
CNYRUB;D;20221005;0;8.2961552;;;8.2940887;
CNYRUB;D;20221005;0;8.2974063;;;8.2959022;
CNYRUB;D;20221005;0;8.2976594;;;8.2959443;
CNYRUB;D;20221005;0;8.2969846;;;8.2963661;
CNYRUB;D;20221005;0;8.1941868;;;8.1827177;
CNYRUB;D;20221005;0;8.1835383;;;8.2167709;
CNYRUB;D;20221005;0;8.2666760;;;8.2940887;
CNYRUB;D;20221005;0;8.2940887;;;8.2870598;
CNYRUB;D;20221005;0;8.2800309;;;8.3552400;
CNYRUB;D;20221005;0;8.3608069;;;8.2863569;
CNYRUB;D;20221005;0;8.2898714;;;8.4393055;
CNYRUB;D;20221005;0;8.4393055;;;8.4668588;
CNYRUB;D;20221005;0;8.4806354;;;8.5048148;
CNYRUB;D;20221005;0;8.5049554;;;8.4973642;
CNYRUB;D;20221005;0;8.5045336;;;8.5330709;
CNYRUB;D;20221005;0;8.4733254;;;8.4908976;
CNYRUB;D;20221005;0;8.5822731;;;8.4908976;
CNYRUB;D;20221005;0;8.3995220;;;8.5049554;
CNYRUB;D;20221005;0;8.5893020;;;8.5119843;
CNYRUB;D;20221006;0;8.5928165;;;8.3995220;
CNYRUB;D;20221006;0;8.4346665;;;8.4346665;
CNYRUB;D;20221006;0;8.4346665;;;8.4346665;
CNYRUB;D;20221006;0;8.4803543;;;8.4803543;
CNYRUB;D;20221006;0;8.4612357;;;8.4616996;
CNYRUB;D;20221006;0;8.4627820;;;8.4916848;
CNYRUB;D;20221006;0;8.4747311;;;8.4873831;
CNYRUB;D;20221006;0;8.5049273;;;8.3995220;
CNYRUB;D;20221006;0;8.4803543;;;8.4627820;
CNYRUB;D;20221006;0;8.5260420;;;8.4843045;
CNYRUB;D;20221006;0;8.4834189;;;8.4170943;
CNYRUB;D;20221006;0;8.5071765;;;8.4452098;
CNYRUB;D;20221006;0;8.5190131;;;8.6385043;
CNYRUB;D;20221006;0;8.6455331;;;8.6792718;
CNYRUB;D;20221006;0;8.7193365;;;8.5611865;
CNYRUB;D;20221006;0;8.5609053;;;8.6806776;
CNYRUB;D;20221006;0;8.7509665;;;8.6279609;
CNYRUB;D;20221006;0;8.5049554;;;8.6877065;
CNYRUB;D;20221006;0;8.5928165;;;8.7052787;
CNYRUB;D;20221007;0;8.5752443;;;8.5400998;
CNYRUB;D;20221007;0;8.5077810;;;8.5080481;
CNYRUB;D;20221007;0;8.5071822;;;8.5063951;
CNYRUB;D;20221007;0;8.5076966;;;8.5643916;
CNYRUB;D;20221007;0;8.5637028;;;8.5500387;
CNYRUB;D;20221007;0;8.5496029;;;8.5493920;
CNYRUB;D;20221007;0;8.5502917;;;8.5362058;
CNYRUB;D;20221007;0;8.5471287;;;8.6293667;
CNYRUB;D;20221007;0;8.6223378;;;8.6489632;
CNYRUB;D;20221007;0;8.6491460;;;8.6174176;
CNYRUB;D;20221007;0;8.6153089;;;8.5932382;
CNYRUB;D;20221007;0;8.6209320;;;8.5731356;
CNYRUB;D;20221007;0;8.6733675;;;8.6211007;
CNYRUB;D;20221007;0;8.6760385;;;8.6870491;
CNYRUB;D;20221007;0;8.6870491;;;8.6911275;
CNYRUB;D;20221007;0;8.6866272;;;8.7473807;
CNYRUB;D;20221007;0;8.6736487;;;8.6314754;
CNYRUB;D;20221007;0;8.5541576;;;8.6736487;
CNYRUB;D;20221007;0;8.6244465;;;8.5963309;
CNYRUB;D;20221008;0;8.5260420;;;8.5330709;
CNYRUB;D;20221008;0;8.5682154;;;8.5682154;
CNYRUB;D;20221010;0;8.5996795;;;8.6042615;
CNYRUB;D;20221010;0;8.6057777;;;8.6275814;
CNYRUB;D;20221010;0;8.6266817;;;8.6666198;
CNYRUB;D;20221010;0;8.6686722;;;8.6715400;
CNYRUB;D;20221010;0;8.6755324;;;8.6806776;
CNYRUB;D;20221010;0;8.8247698;;;8.8493709;
CNYRUB;D;20221010;0;8.8552752;;;8.8351726;
CNYRUB;D;20221010;0;8.8355943;;;8.7931398;
CNYRUB;D;20221010;0;8.7017643;;;8.8282842;
CNYRUB;D;20221010;0;8.8121178;;;8.7369087;
CNYRUB;D;20221010;0;8.8139453;;;8.7087931;
CNYRUB;D;20221010;0;8.8329233;;;8.7332256;
CNYRUB;D;20221010;0;8.8593519;;;8.7158220;
CNYRUB;D;20221010;0;8.7769734;;;8.7158220;
CNYRUB;D;20221010;0;8.7980600;;;8.8121178;
CNYRUB;D;20221010;0;8.8648345;;;8.8296900;
CNYRUB;D;20221011;0;8.8648345;;;8.8648345;
CNYRUB;D;20221011;0;8.9681732;;;8.7769734;
CNYRUB;D;20221011;0;8.7769734;;;8.7158220;
CNYRUB;D;20221011;0;8.7759190;;;8.8110635;
CNYRUB;D;20221011;0;8.9288536;;;8.9297392;
CNYRUB;D;20221011;0;8.9266887;;;8.9694299;
CNYRUB;D;20221011;0;8.9526837;;;8.9505739;
CNYRUB;D;20221011;0;8.9712646;;;8.9811936;
CNYRUB;D;20221011;0;8.9785786;;;8.9901731;
CNYRUB;D;20221011;0;8.9883454;;;8.9754225;
CNYRUB;D;20221011;0;9.0173223;;;8.9401181;
CNYRUB;D;20221011;0;9.0176676;;;8.9801138;
CNYRUB;D;20221011;0;8.9530716;;;8.9779160;
CNYRUB;D;20221011;0;8.9776644;;;8.9591937;
CNYRUB;D;20221011;0;8.9243218;;;9.0270255;
CNYRUB;D;20221011;0;9.0256360;;;8.9243234;
CNYRUB;D;20221011;0;8.9032087;;;8.9528019;
CNYRUB;D;20221011;0;8.9178301;;;8.9179548;
CNYRUB;D;20221012;0;9.0597453;;;9.1597063;
CNYRUB;D;20221012;0;9.1569571;;;9.1468553;
CNYRUB;D;20221012;0;8.8908771;;;8.8930004;
CNYRUB;D;20221012;0;8.8937553;;;8.8934338;
CNYRUB;D;20221012;0;8.8935596;;;8.9632338;
CNYRUB;D;20221012;0;8.9727818;;;9.0007409;
CNYRUB;D;20221012;0;9.0078006;;;9.0552612;
CNYRUB;D;20221012;0;9.0217103;;;8.9518125;
CNYRUB;D;20221012;0;8.9708000;;;9.0278671;
CNYRUB;D;20221012;0;8.9189605;;;8.9924930;
CNYRUB;D;20221012;0;8.9889981;;;8.9656613;
CNYRUB;D;20221012;0;8.8239801;;;8.8639653;
CNYRUB;D;20221012;0;8.8651989;;;8.8585415;
CNYRUB;D;20221012;0;8.8579255;;;8.8582471;
CNYRUB;D;20221013;0;8.8569403;;;8.8644009;
CNYRUB;D;20221013;0;8.7790083;;;8.8749165;
CNYRUB;D;20221013;0;8.9160280;;;8.8796103;
CNYRUB;D;20221013;0;8.9355306;;;8.9434060;
CNYRUB;D;20221013;0;8.9448763;;;8.9223585;
CNYRUB;D;20221013;0;8.9225665;;;8.9307381;
CNYRUB;D;20221013;0;9.1041579;;;8.8652010;
CNYRUB;D;20221013;0;8.8498046;;;8.9685942;
CNYRUB;D;20221013;0;8.9092306;;;8.9059557;
CNYRUB;D;20221013;0;8.8274275;;;8.8289457;
CNYRUB;D;20221013;0;8.8307920;;;8.8771024;
CNYRUB;D;20221013;0;8.8757520;;;8.7277879;
CNYRUB;D;20221013;0;8.7993970;;;8.8631890;
CNYRUB;D;20221013;0;8.8650037;;;8.8827315;
CNYRUB;D;20221013;0;8.8819876;;;8.8260330;
CNYRUB;D;20221013;0;8.8889509;;;8.9007349;
CNYRUB;D;20221013;0;8.8665562;;;8.7934446;
CNYRUB;D;20221014;0;8.7596053;;;8.8166827;
CNYRUB;D;20221014;0;8.8166827;;;8.9306120;
CNYRUB;D;20221014;0;8.9247087;;;8.9303170;
CNYRUB;D;20221014;0;8.8014641;;;8.7926198;
CNYRUB;D;20221014;0;8.7917609;;;8.7871011;
CNYRUB;D;20221014;0;8.7871011;;;8.7909021;
CNYRUB;D;20221014;0;8.8731392;;;8.8748832;
CNYRUB;D;20221014;0;8.8750227;;;8.8605761;
CNYRUB;D;20221014;0;8.8545733;;;8.8430284;
CNYRUB;D;20221014;0;8.8527607;;;8.8005579;
CNYRUB;D;20221014;0;8.7984658;;;8.8120468;
CNYRUB;D;20221014;0;8.8223238;;;8.7857173;
CNYRUB;D;20221014;0;8.7860848;;;8.7911322;
CNYRUB;D;20221014;0;8.7991010;;;8.8163857;
CNYRUB;D;20221014;0;8.8140507;;;8.4972419;
CNYRUB;D;20221014;0;8.5672494;;;8.7560595;
CNYRUB;D;20221014;0;8.6644007;;;8.6923291;
CNYRUB;D;20221014;0;8.7010998;;;8.5683448;
CNYRUB;D;20221014;0;8.7054629;;;8.5756016;
CNYRUB;D;20221014;0;8.5730973;;;8.5595236;
CNYRUB;D;20221015;0;8.6242871;;;8.6937169;
CNYRUB;D;20221015;0;8.6102572;;;8.6139716;
CNYRUB;D;20221017;0;8.5084180;;;8.5084180;
CNYRUB;D;20221017;0;8.5779880;;;8.6420613;
CNYRUB;D;20221017;0;8.6908078;;;8.6720266;
CNYRUB;D;20221017;0;8.6669533;;;8.6800733;
CNYRUB;D;20221017;0;8.5899199;;;8.6528173;
CNYRUB;D;20221017;0;8.5869112;;;8.6401674;
CNYRUB;D;20221017;0;8.4344491;;;8.5704324;
CNYRUB;D;20221017;0;8.6083682;;;8.5913529;
CNYRUB;D;20221017;0;8.5913529;;;8.6186458;
CNYRUB;D;20221017;0;8.6191074;;;8.6192469;
CNYRUB;D;20221017;0;8.6602737;;;8.6461444;
CNYRUB;D;20221017;0;8.6446472;;;8.6332018;
CNYRUB;D;20221017;0;8.6319986;;;8.6204301;
CNYRUB;D;20221017;0;8.6379918;;;8.6281397;
CNYRUB;D;20221017;0;8.4852666;;;8.6340368;
CNYRUB;D;20221017;0;8.5153569;;;8.5106086;
CNYRUB;D;20221018;0;8.4860947;;;8.4777038;
CNYRUB;D;20221018;0;8.5847966;;;8.5720245;
CNYRUB;D;20221018;0;8.6204499;;;8.6255990;
CNYRUB;D;20221018;0;8.5978193;;;8.6073837;
CNYRUB;D;20221018;0;8.6073837;;;8.6067853;
CNYRUB;D;20221018;0;8.5789766;;;8.5831536;
CNYRUB;D;20221018;0;8.5734161;;;8.5825567;
CNYRUB;D;20221018;0;8.5408263;;;8.4440426;
CNYRUB;D;20221018;0;8.5750052;;;8.5610960;
CNYRUB;D;20221018;0;8.6056054;;;8.5610960;
CNYRUB;D;20221018;0;8.5508033;;;8.5897489;
CNYRUB;D;20221018;0;8.5898880;;;8.5471869;
CNYRUB;D;20221018;0;8.6306419;;;8.5263231;
CNYRUB;D;20221018;0;8.6369958;;;8.5396384;
CNYRUB;D;20221018;0;8.4845956;;;8.5193685;
CNYRUB;D;20221018;0;8.5652210;;;8.6577976;
CNYRUB;D;20221019;0;8.4085002;;;8.4070981;
CNYRUB;D;20221019;0;8.5183847;;;8.5168461;
CNYRUB;D;20221019;0;8.5515804;;;8.5688494;
CNYRUB;D;20221019;0;8.5756742;;;8.5859568;
CNYRUB;D;20221019;0;8.5863147;;;8.4611005;
CNYRUB;D;20221019;0;8.5442502;;;8.5808306;
CNYRUB;D;20221019;0;8.5809497;;;8.5722218;
CNYRUB;D;20221019;0;8.5376350;;;8.5465932;
CNYRUB;D;20221019;0;8.5642279;;;8.5483737;
CNYRUB;D;20221019;0;8.5465682;;;8.5487298;
CNYRUB;D;20221019;0;8.5070626;;;8.4850044;
CNYRUB;D;20221019;0;8.5900021;;;8.5768915;
CNYRUB;D;20221019;0;8.5945713;;;8.6110454;
CNYRUB;D;20221019;0;8.6119725;;;8.5481965;
CNYRUB;D;20221019;0;8.6175743;;;8.5967253;
CNYRUB;D;20221020;0;8.4785812;;;8.5897757;
CNYRUB;D;20221020;0;8.5828260;;;8.5828260;
CNYRUB;D;20221020;0;8.5828260;;;8.5689267;
CNYRUB;D;20221020;0;8.5904706;;;8.5758764;
CNYRUB;D;20221020;0;8.6036750;;;8.5063798;
CNYRUB;D;20221020;0;8.5221346;;;8.5595976;
CNYRUB;D;20221020;0;8.5455834;;;8.5433279;
CNYRUB;D;20221020;0;8.5501549;;;8.3893783;
CNYRUB;D;20221020;0;8.5148749;;;8.5293627;
CNYRUB;D;20221020;0;8.5258870;;;8.4048218;
CNYRUB;D;20221020;0;8.5091000;;;8.4282555;
CNYRUB;D;20221020;0;8.5555942;;;8.5371112;
CNYRUB;D;20221020;0;8.5540225;;;8.5447523;
CNYRUB;D;20221020;0;8.5563874;;;8.4386720;
CNYRUB;D;20221021;0;8.5427345;;;8.5432092;
CNYRUB;D;20221021;0;8.4390237;;;8.5301473;
CNYRUB;D;20221021;0;8.5301473;;;8.5666644;
CNYRUB;D;20221021;0;8.5684503;;;8.4100197;
CNYRUB;D;20221021;0;8.5455531;;;8.5209517;
CNYRUB;D;20221021;0;8.5208333;;;8.4998819;
CNYRUB;D;20221021;0;8.5033541;;;8.5276593;
CNYRUB;D;20221021;0;8.5207150;;;8.5555756;
CNYRUB;D;20221021;0;8.4096054;;;8.5068263;
CNYRUB;D;20221021;0;8.5137706;;;8.5137706;
CNYRUB;D;20221021;0;8.5216872;;;8.4657158;
CNYRUB;D;20221021;0;8.4887710;;;8.4893265;
CNYRUB;D;20221021;0;8.4224413;;;8.5323048;
CNYRUB;D;20221021;0;8.4144954;;;8.4092453;
CNYRUB;D;20221024;0;8.4888525;;;8.3834493;
CNYRUB;D;20221024;0;8.5185544;;;8.3922139;
CNYRUB;D;20221024;0;8.5272929;;;8.5045551;
CNYRUB;D;20221024;0;8.5115957;;;8.4921723;
CNYRUB;D;20221024;0;8.4956328;;;8.4930102;
CNYRUB;D;20221024;0;8.4651833;;;8.3761548;
CNYRUB;D;20221024;0;8.5076177;;;8.4026634;
CNYRUB;D;20221024;0;8.5247581;;;8.5237482;
CNYRUB;D;20221024;0;8.5251734;;;8.5502353;
CNYRUB;D;20221024;0;8.5766676;;;8.5560276;
CNYRUB;D;20221024;0;8.5071198;;;8.5654808;
CNYRUB;D;20221024;0;8.5549885;;;8.5239459;
CNYRUB;D;20221024;0;8.4063265;;;8.4048146;
CNYRUB;D;20221025;0;8.4566962;;;8.4394023;
CNYRUB;D;20221025;0;8.4394023;;;8.4394023;
CNYRUB;D;20221025;0;8.4220409;;;8.4261127;
CNYRUB;D;20221025;0;8.5399544;;;8.5452431;
CNYRUB;D;20221025;0;8.4553937;;;8.4783210;
CNYRUB;D;20221025;0;8.5314086;;;8.5153159;
CNYRUB;D;20221025;0;8.5047039;;;8.4988248;
CNYRUB;D;20221025;0;8.5094911;;;8.4957917;
CNYRUB;D;20221025;0;8.5100061;;;8.5447400;
CNYRUB;D;20221025;0;8.5454319;;;8.3945799;
CNYRUB;D;20221025;0;8.5202563;;;8.5050312;
CNYRUB;D;20221025;0;8.5156888;;;8.5339850;
CNYRUB;D;20221025;0;8.5265430;;;8.5272498;
CNYRUB;D;20221025;0;8.4270052;;;8.5359939;
CNYRUB;D;20221025;0;8.3488069;;;8.3877497;
CNYRUB;D;20221025;0;8.3530896;;;8.3530896;
CNYRUB;D;20221026;0;8.4570700;;;8.4570700;
CNYRUB;D;20221026;0;8.4570700;;;8.4570700;
CNYRUB;D;20221026;0;8.4570700;;;8.4570700;
CNYRUB;D;20221026;0;8.4917301;;;8.4771504;
CNYRUB;D;20221026;0;8.4942245;;;8.4962178;
CNYRUB;D;20221026;0;8.4935212;;;8.3835889;
CNYRUB;D;20221026;0;8.5179052;;;8.5017114;
CNYRUB;D;20221026;0;8.5017114;;;8.5295457;
CNYRUB;D;20221026;0;8.4515399;;;8.4819457;
CNYRUB;D;20221026;0;8.4993032;;;8.3826634;
CNYRUB;D;20221026;0;8.4799856;;;8.4503739;
CNYRUB;D;20221026;0;8.4814161;;;8.4503739;
CNYRUB;D;20221026;0;8.4987997;;;8.4503739;
CNYRUB;D;20221026;0;8.5331531;;;8.4503739;
CNYRUB;D;20221026;0;8.5055600;;;8.4503739;
CNYRUB;D;20221026;0;8.3756836;;;8.4600616;
CNYRUB;D;20221026;0;8.3599221;;;8.4600616;
CNYRUB;D;20221027;0;8.4600616;;;8.4807801;
CNYRUB;D;20221027;0;8.4600616;;;8.4600616;
CNYRUB;D;20221027;0;8.4600616;;;8.4600616;
CNYRUB;D;20221027;0;8.4600616;;;8.4600616;
CNYRUB;D;20221027;0;8.4600616;;;8.4600616;
CNYRUB;D;20221027;0;8.4600616;;;8.4600616;
CNYRUB;D;20221027;0;8.5084048;;;8.5291233;
CNYRUB;D;20221027;0;8.5222172;;;8.5222172;
CNYRUB;D;20221027;0;8.4738739;;;8.4738739;
CNYRUB;D;20221027;0;8.3564690;;;8.4945925;
CNYRUB;D;20221027;0;8.4430724;;;8.4738739;
CNYRUB;D;20221027;0;8.4403099;;;8.4669678;
CNYRUB;D;20221027;0;8.3357505;;;8.3806406;
CNYRUB;D;20221027;0;8.5014986;;;8.4669678;
CNYRUB;D;20221027;0;8.4990124;;;8.4669678;
CNYRUB;D;20221027;0;8.4401548;;;8.4401548;
CNYRUB;D;20221027;0;8.4466260;;;8.3781960;
CNYRUB;D;20221027;0;8.4924755;;;8.4401548;
CNYRUB;D;20221027;0;8.4539234;;;8.4401548;
CNYRUB;D;20221027;0;8.4401548;;;8.4401548;
CNYRUB;D;20221027;0;8.3300059;;;8.4401548;
CNYRUB;D;20221027;0;8.4401548;;;8.4401548;
CNYRUB;D;20221028;0;8.4401548;;;8.4401548;
CNYRUB;D;20221028;0;8.4053202;;;8.3900196;
CNYRUB;D;20221028;0;8.3903641;;;8.3884122;
CNYRUB;D;20221028;0;8.3881827;;;8.3938108;
CNYRUB;D;20221028;0;8.4210815;;;8.4398697;
CNYRUB;D;20221028;0;8.4350790;;;8.4150897;
CNYRUB;D;20221028;0;8.4014066;;;8.3083535;
CNYRUB;D;20221028;0;8.4248132;;;8.4132806;
CNYRUB;D;20221028;0;8.3105242;;;8.4110935;
CNYRUB;D;20221028;0;8.4042524;;;8.4143989;
CNYRUB;D;20221028;0;8.4075579;;;8.4150897;
CNYRUB;D;20221028;0;8.4082482;;;8.4081331;
CNYRUB;D;20221028;0;8.4115538;;;8.4145140;
CNYRUB;D;20221028;0;8.4082482;;;8.4180845;
CNYRUB;D;20221028;0;8.4738884;;;8.4608188;
CNYRUB;D;20221028;0;8.4333040;;;8.4608188;
CNYRUB;D;20221028;0;8.4608188;;;8.4608188;
CNYRUB;D;20221029;0;8.4608188;;;8.4608188;
CNYRUB;D;20221031;0;8.4608188;;;8.4608188;
CNYRUB;D;20221031;0;8.4608188;;;8.4258118;
CNYRUB;D;20221031;0;8.4253500;;;8.4273127;
CNYRUB;D;20221031;0;8.4269663;;;8.4379502;
CNYRUB;D;20221031;0;8.4522503;;;8.4536422;
CNYRUB;D;20221031;0;8.4605039;;;8.5026532;
CNYRUB;D;20221031;0;8.4981161;;;8.4990909;
CNYRUB;D;20221031;0;8.4870325;;;8.3963577;
CNYRUB;D;20221031;0;8.5553138;;;8.5603547;
CNYRUB;D;20221031;0;8.5590549;;;8.5000836;
CNYRUB;D;20221031;0;8.5880501;;;8.5505226;
CNYRUB;D;20221031;0;8.6021191;;;8.5682420;
CNYRUB;D;20221031;0;8.5622518;;;8.5656588;
CNYRUB;D;20221031;0;8.5624391;;;8.5739942;
CNYRUB;D;20221031;0;8.5758040;;;8.4775858;
CNYRUB;D;20221031;0;8.4663158;;;8.6459350;
CNYRUB;D;20221031;0;8.5064845;;;8.5064845;
CNYRUB;D;20221101;0;8.5134570;;;8.5692372;
CNYRUB;D;20221101;0;8.5692372;;;8.6040998;
CNYRUB;D;20221101;0;8.5901548;;;8.5762097;
CNYRUB;D;20221101;0;8.5622647;;;8.5762097;
CNYRUB;D;20221101;0;8.5692372;;;8.5831823;
CNYRUB;D;20221101;0;8.5762097;;;8.5652210;
CNYRUB;D;20221101;0;8.5581382;;;8.5070360;
CNYRUB;D;20221101;0;8.5532340;;;8.5019401;
CNYRUB;D;20221101;0;8.5295381;;;8.5025293;
CNYRUB;D;20221101;0;8.5001732;;;8.5098415;
CNYRUB;D;20221101;0;8.5410511;;;8.4822382;
CNYRUB;D;20221101;0;8.4791866;;;8.5123476;
CNYRUB;D;20221101;0;8.5137303;;;8.5116955;
CNYRUB;D;20221101;0;8.5115777;;;8.5005183;
CNYRUB;D;20221101;0;8.5002834;;;8.5667091;
CNYRUB;D;20221101;0;8.4319363;;;8.4405701;
CNYRUB;D;20221101;0;8.4405701;;;8.5683672;
CNYRUB;D;20221102;0;8.5371418;;;8.5402116;
CNYRUB;D;20221102;0;8.5546335;;;8.4440753;
CNYRUB;D;20221102;0;8.5415080;;;8.4234278;
CNYRUB;D;20221102;0;8.5687786;;;8.5341713;
CNYRUB;D;20221102;0;8.5895430;;;8.5203284;
CNYRUB;D;20221102;0;8.5203284;;;8.5203284;
CNYRUB;D;20221102;0;8.4995639;;;8.5203284;
CNYRUB;D;20221102;0;8.5237891;;;8.5272498;
CNYRUB;D;20221102;0;8.5217126;;;8.5550741;
CNYRUB;D;20221102;0;8.5396211;;;8.5976362;
CNYRUB;D;20221102;0;8.5882092;;;8.4577114;
CNYRUB;D;20221102;0;8.3900039;;;8.5167914;
CNYRUB;D;20221102;0;8.5037779;;;8.3998727;
CNYRUB;D;20221102;0;8.3998727;;;8.3926720;
CNYRUB;D;20221103;0;8.3926720;;;8.3913957;
CNYRUB;D;20221103;0;8.3913957;;;8.3913957;
CNYRUB;D;20221103;0;8.3913957;;;8.3913957;
CNYRUB;D;20221103;0;8.5365516;;;8.5434638;
CNYRUB;D;20221103;0;8.5572882;;;8.5918491;
CNYRUB;D;20221103;0;8.5711126;;;8.5849370;
CNYRUB;D;20221103;0;8.5918491;;;8.5945155;
CNYRUB;D;20221103;0;8.5869040;;;8.5715469;
CNYRUB;D;20221103;0;8.5703639;;;8.4690823;
CNYRUB;D;20221103;0;8.5656354;;;8.5518421;
CNYRUB;D;20221103;0;8.5986014;;;8.5380488;
CNYRUB;D;20221103;0;8.5656354;;;8.5794287;
CNYRUB;D;20221103;0;8.4621857;;;8.5173589;
CNYRUB;D;20221103;0;8.5239796;;;8.5522559;
CNYRUB;D;20221103;0;8.5719007;;;8.5410242;
CNYRUB;D;20221103;0;8.5408322;;;8.5559582;
CNYRUB;D;20221103;0;8.5355337;;;8.5334178;
CNYRUB;D;20221103;0;8.4491331;;;8.4442487;
CNYRUB;D;20221104;0;8.5337151;;;8.5278462;
CNYRUB;D;20221104;0;8.5454520;;;8.4998284;
CNYRUB;D;20221104;0;8.5135599;;;8.4082025;
CNYRUB;D;20221104;0;8.5187573;;;8.4794521;
CNYRUB;D;20221104;0;8.3561644;;;8.5320724;
CNYRUB;D;20221104;0;8.5297423;;;8.3835823;
CNYRUB;D;20221104;0;8.4966425;;;8.4943143;
CNYRUB;D;20221104;0;8.4807508;;;8.3573092;
CNYRUB;D;20221104;0;8.4851349;;;8.4839726;
CNYRUB;D;20221104;0;8.4764384;;;8.5051017;
CNYRUB;D;20221104;0;8.4982538;;;8.4845580;
CNYRUB;D;20221104;0;8.3612956;;;8.4708622;
CNYRUB;D;20221104;0;8.3647196;;;8.3647196;
CNYRUB;D;20221104;0;8.3475998;;;8.4708622;
CNYRUB;D;20221105;0;8.3202082;;;8.4708622;
